,,,,,,,,,,,,,,,,,,,,,,,,,,,,,,,,,,,,,,,,,,
,,,,,,,,,,,,,,,,,,,,,,,,,,,,,,,,,,,,,,,,,,
,,,,,,,,,,,,,,,,,,,,,,,,,,,,,,,,,,,,,,,,,,
,,,,,,,,,,,,,,,,,,,,,,,,,,,,,,,,,,,,,,,,,,
,,,,United Nations,,,,,,,,,,,,,,,,,,,,,,,,,,,,,,,,,,,,,,
,,,,Population Division,,,,,,,,,,,,,,,,,,,,,,,,,,,,,,,,,,,,,,
,,,,Department of Economic and Social Affairs,,,,,,,,,,,,,,,,,,,,,,,,,,,,,,,,,,,,,,
,,,,,,,,,,,,,,,,,,,,,,,,,,,,,,,,,,,,,,,,,,
,,,,Trends in International Migrant Stock: The 2015 Revision,,,,,,,,,,,,,,,,,,,,,,,,,,,,,,,,,,,,,,
,,,,"Table 1 -  International migrant stock at mid-year by sex and by major area, region, country or area, 1990-2015",,,,,,,,,,,,,,,,,,,,,,,,,,,,,,,,,,,,,,
,,,,POP/DB/MIG/Stock/Rev.2015,,,,,,,,,,,,,,,,,,,,,,,,,,,,,,,,,,,,,,
,,,,December 2015 - Copyright ? 2015 by United Nations. All rights reserved,,,,,,,,,,,,,,,,,,,,,,,,,,,,,,,,,,,,,,
,,,,"Suggested citation: United Nations, Department of Economic and Social Affairs (2015). Trends in International Migrant Stock: The 2015 revision (United Nations database, POP/DB/MIG/Stock/Rev.2015).",,,,,,,,,,,,,,,,,,,,,,,,,,,,,,,,,,,,,,
,,,,,,,,,,,,,,,,,,,,,,,,,,,,,,,,,,,,,,,,,,
"Sort
order","Major area, region, country or area of destination",Notes,Country code,Type of data (a),International migrant stock at mid-year (both sexes),,,,,,International migrant stock at mid-year (male),,,,,,International migrant stock at mid-year (female),,,,,,,,,,,,,,,,,,,,,,,,,
,,,,,1990,1995,2000,2005,2010,2015,1990,1995,2000,2005,2010,2015,1990,1995,2000,2005,2010,2015,,,,,,,,,,,,,,,,,,,,
1,WORLD,,900,, 152 563 212, 160 801 752, 172 703 309, 191 269 100, 221 714 243, 243 700 236, 77 747 510, 81 737 477, 87 884 839, 97 866 674, 114 613 714, 126 115 435, 74 815 702, 79 064 275, 84 818 470, 93 402 426, 107 100 529, 117 584 801,,,,,,,,,,,,,,,,,,,,
2,Developed regions,(b),901,, 82 378 628, 92 306 854, 103 375 363, 117 181 109, 132 560 325, 140 481 955, 40 263 397, 45 092 799, 50 536 796, 57 217 777, 64 081 077, 67 618 619, 42 115 231, 47 214 055, 52 838 567, 59 963 332, 68 479 248, 72 863 336,,,,,,,,,,,,,,,,,,,,
3,Developing regions,(c),902,, 70 184 584, 68 494 898, 69 327 946, 74 087 991, 89 153 918, 103 218 281, 37 484 113, 36 644 678, 37 348 043, 40 648 897, 50 532 637, 58 496 816, 32 700 471, 31 850 220, 31 979 903, 33 439 094, 38 621 281, 44 721 465,,,,,,,,,,,,,,,,,,,,
4,Least developed countries,(d),941,, 11 075 966, 11 711 703, 10 077 824, 9 809 634, 10 018 128, 11 951 316, 5 843 107, 6 142 712, 5 361 902, 5 383 009, 5 462 714, 6 463 217, 5 236 216, 5 573 685, 4 721 920, 4 432 371, 4 560 536, 5 493 028,,,,,,,,,,,,,,,,,,,,
5,Less developed regions excluding least developed countries,,934,, 59 105 261, 56 778 501, 59 244 124, 64 272 611, 79 130 668, 91 262 036, 31 641 006, 30 501 966, 31 986 141, 35 265 888, 45 069 923, 52 033 599, 27 464 255, 26 276 535, 27 257 983, 29 006 723, 34 060 745, 39 228 437,,,,,,,,,,,,,,,,,,,,
6,Sub-Saharan Africa,(e),947,, 14 690 319, 15 324 570, 13 716 539, 13 951 086, 15 496 764, 18 993 986, 7 745 306, 8 036 824, 7 210 452, 7 444 048, 8 188 581, 10 099 486, 6 945 013, 7 287 746, 6 506 087, 6 507 038, 7 308 183, 8 894 500,,,,,,,,,,,,,,,,,,,,
7,Africa,,903,, 15 690 623, 16 352 814, 14 800 306, 15 191 146, 16 840 014, 20 649 557, 8 279 564, 8 616 931, 7 856 358, 8 231 437, 9 039 314, 11 123 423, 7 411 059, 7 735 883, 6 943 948, 6 959 709, 7 800 700, 9 526 134,,,,,,,,,,,,,,,,,,,,
8,Eastern Africa,,910,, 5 964 031, 5 022 742, 4 844 795, 4 745 792, 4 657 063, 6 129 113, 3 071 189, 2 585 053, 2 480 584, 2 529 460, 2 366 216, 3 109 176, 2 892 842, 2 437 689, 2 364 211, 2 216 332, 2 290 847, 3 019 937,,,,,,,,,,,,,,,,,,,,
9,Burundi,,108,B R,  333 110,  254 853,  125 628,  172 874,  235 259,  286 810,  163 267,  124 165,  61 094,  84 805,  115 823,  141 311,  169 843,  130 688,  64 534,  88 069,  119 436,  145 499,,,,,,,,,,,,,,,,,,,,
10,Comoros,,174,B,  14 079,  13 939,  13 799,  13 209,  12 618,  12 555,  6 717,  6 614,  6 511,  6 286,  6 060,  6 071,  7 362,  7 325,  7 288,  6 923,  6 558,  6 484,,,,,,,,,,,,,,,,,,,,
11,Djibouti,,262,B R,  122 221,  99 774,  100 507,  92 091,  101 575,  112 351,  64 242,  52 476,  52 920,  51 315,  53 295,  59 081,  57 979,  47 298,  47 587,  40 776,  48 280,  53 270,,,,,,,,,,,,,,,,,,,,
12,Eritrea,,232,I,  11 848,  12 400,  12 952,  14 314,  15 676,  15 941,  6 228,  6 542,  6 856,  7 729,  8 603,  8 833,  5 620,  5 858,  6 096,  6 585,  7 073,  7 108,,,,,,,,,,,,,,,,,,,,
13,Ethiopia,,231,B R, 1 155 390,  806 904,  611 384,  514 242,  567 720, 1 072 949,  607 284,  424 117,  322 219,  269 725,  297 534,  547 062,  548 106,  382 787,  289 165,  244 517,  270 186,  525 887,,,,,,,,,,,,,,,,,,,,
14,Kenya,,404,B R,  297 292,  618 745,  699 139,  756 894,  926 959, 1 084 357,  160 852,  322 189,  348 594,  391 310,  459 343,  541 644,  136 440,  296 556,  350 545,  365 584,  467 616,  542 713,,,,,,,,,,,,,,,,,,,,
15,Madagascar,,450,C,  23 917,  21 177,  23 541,  26 058,  28 905,  32 075,  13 348,  11 901,  13 276,  14 744,  16 410,  18 270,  10 569,  9 276,  10 265,  11 314,  12 495,  13 805,,,,,,,,,,,,,,,,,,,,
16,Malawi,,454,B R, 1 127 724,  241 624,  232 620,  221 661,  217 722,  215 158,  546 520,  116 198,  111 530,  105 931,  103 869,  102 544,  581 204,  125 426,  121 090,  115 730,  113 853,  112 614,,,,,,,,,,,,,,,,,,,,
17,Mauritius,(1),480,C,  3 613,  7 493,  15 543,  19 647,  24 836,  28 585,  1 763,  3 228,  5 705,  8 943,  13 188,  15 832,  1 850,  4 265,  9 838,  10 704,  11 648,  12 753,,,,,,,,,,,,,,,,,,,,
18,Mayotte,,175,B,  15 229,  26 316,  45 474,  63 176,  72 757,  76 992,  8 780,  14 679,  23 546,  31 364,  34 500,  35 623,  6 449,  11 637,  21 928,  31 812,  38 257,  41 369,,,,,,,,,,,,,,,,,,,,
19,Mozambique,,508,B R,  122 332,  168 256,  195 702,  204 830,  214 612,  222 928,  66 060,  91 210,  103 175,  102 500,  104 676,  107 955,  56 272,  77 046,  92 527,  102 330,  109 936,  114 973,,,,,,,,,,,,,,,,,,,,
20,R?union,,638,B,  57 210,  77 159,  100 678,  115 076,  123 029,  127 209,  30 724,  40 710,  52 264,  59 196,  62 707,  64 537,  26 486,  36 449,  48 414,  55 880,  60 322,  62 672,,,,,,,,,,,,,,,,,,,,
21,Rwanda,,646,B R,  159 869,  233 200,  347 076,  432 797,  436 787,  441 525,  80 690,  117 931,  175 685,  217 027,  218 425,  220 017,  79 179,  115 269,  171 391,  215 770,  218 362,  221 508,,,,,,,,,,,,,,,,,,,,
22,Seychelles,,690,B,  3 721,  5 148,  6 574,  8 997,  11 420,  12 791,  2 204,  3 021,  3 837,  5 820,  7 804,  8 954,  1 517,  2 127,  2 737,  3 177,  3 616,  3 837,,,,,,,,,,,,,,,,,,,,
23,Somalia,,706,I R,  478 294,  19 527,  20 087,  20 670,  23 995,  25 291,  244 201,  10 282,  10 622,  11 047,  12 914,  13 760,  234 093,  9 245,  9 465,  9 623,  11 081,  11 531,,,,,,,,,,,,,,,,,,,,
24,South Sudan,,728,B R,..,..,..,..,  257 905,  824 122,..,..,..,..,  132 693,  420 949,..,..,..,..,  125 212,  403 173,,,,,,,,,,,,,,,,,,,,
25,Uganda,,800,B R,  558 307,  634 620,  634 703,  652 968,  529 160,  749 471,  290 084,  321 360,  314 325,  322 421,  261 646,  374 438,  268 223,  313 260,  320 378,  330 547,  267 514,  375 033,,,,,,,,,,,,,,,,,,,,
26,United Republic of Tanzania,(2),834,B R,  574 025, 1 106 043,  928 180,  770 846,  308 600,  261 222,  283 390,  547 089,  470 962,  486 774,  153 984,  130 404,  290 635,  558 954,  457 218,  284 072,  154 616,  130 818,,,,,,,,,,,,,,,,,,,,
27,Zambia,,894,B R,  279 029,  244 338,  321 167,  252 749,  149 637,  127 915,  142 807,  125 329,  163 620,  128 553,  75 775,  64 512,  136 222,  119 009,  157 547,  124 196,  73 862,  63 403,,,,,,,,,,,,,,,,,,,,
28,Zimbabwe,,716,B R,  626 821,  431 226,  410 041,  392 693,  397 891,  398 866,  352 028,  246 012,  233 843,  223 970,  226 967,  227 379,  274 793,  185 214,  176 198,  168 723,  170 924,  171 487,,,,,,,,,,,,,,,,,,,,
29,Middle Africa,,911,, 1 460 530, 2 646 108, 1 756 687, 1 928 828, 2 139 979, 2 307 688,  744 494, 1 346 091,  904 076,  983 868, 1 091 761, 1 159 409,  716 036, 1 300 017,  852 611,  944 960, 1 048 218, 1 148 279,,,,,,,,,,,,,,,,,,,,
30,Angola,,24,B R,  33 517,  39 813,  46 108,  61 329,  76 549,  106 845,  18 142,  20 755,  23 367,  30 240,  37 113,  51 461,  15 375,  19 058,  22 741,  31 089,  39 436,  55 384,,,,,,,,,,,,,,,,,,,,
31,Cameroon,,120,B,  265 344,  246 864,  228 383,  258 737,  289 091,  381 984,  145 527,  135 079,  124 630,  142 397,  160 164,  186 605,  119 817,  111 785,  103 753,  116 340,  128 927,  195 379,,,,,,,,,,,,,,,,,,,,
32,Central African Republic,,140,C,  67 234,  99 712,  123 529,  94 449,  93 466,  81 598,  35 686,  52 975,  65 636,  50 236,  49 743,  43 163,  31 548,  46 737,  57 893,  44 213,  43 723,  38 435,,,,,,,,,,,,,,,,,,,,
33,Chad,,148,B R,  74 342,  89 584,  104 825,  352 062,  416 924,  516 968,  40 133,  48 298,  56 463,  159 715,  186 773,  238 140,  34 209,  41 286,  48 362,  192 347,  230 151,  278 828,,,,,,,,,,,,,,,,,,,,
34,Congo,,178,B,  129 597,  191 635,  305 002,  315 238,  419 649,  392 996,  64 418,  95 822,  152 666,  171 420,  228 180,  215 274,  65 179,  95 813,  152 336,  143 818,  191 469,  177 722,,,,,,,,,,,,,,,,,,,,
35,Democratic Republic of the Congo,,180,B R,  754 194, 1 816 963,  744 387,  622 869,  588 950,  545 694,  363 117,  901 379,  365 092,  302 290,  284 244,  264 445,  391 077,  915 584,  379 295,  320 579,  304 706,  281 249,,,,,,,,,,,,,,,,,,,,
36,Equatorial Guinea,,226,C,  2 740,  3 629,  4 517,  6 588,  8 658,  10 825,  1 465,  1 930,  2 394,  3 564,  4 734,  5 980,  1 275,  1 699,  2 123,  3 024,  3 924,  4 845,,,,,,,,,,,,,,,,,,,,
37,Gabon,,266,C,  127 980,  152 972,  195 571,  214 123,  243 992,  268 384,  73 053,  87 305,  111 616,  122 279,  139 458,  153 144,  54 927,  65 667,  83 955,  91 844,  104 534,  115 240,,,,,,,,,,,,,,,,,,,,
38,Sao Tome and Principe,,678,C,  5 582,  4 936,  4 365,  3 433,  2 700,  2 394,  2 953,  2 548,  2 212,  1 727,  1 352,  1 197,  2 629,  2 388,  2 153,  1 706,  1 348,  1 197,,,,,,,,,,,,,,,,,,,,
39,Northern Africa,,912,, 2 403 200, 2 081 640, 1 885 650, 1 782 054, 1 921 613, 2 159 048, 1 230 643, 1 105 808, 1 048 954, 1 063 304, 1 145 515, 1 278 467, 1 172 557,  975 832,  836 696,  718 750,  776 098,  880 581,,,,,,,,,,,,,,,,,,,,
40,Algeria,,12,C R,  273 954,  262 032,  250 110,  247 537,  244 964,  242 391,  150 234,  143 696,  137 158,  135 748,  134 339,  132 930,  123 720,  118 336,  112 952,  111 789,  110 625,  109 461,,,,,,,,,,,,,,,,,,,,
41,Egypt,,818,B R,  173 708,  166 955,  173 452,  274 001,  295 714,  491 643,  91 928,  88 545,  92 205,  158 277,  166 071,  265 054,  81 780,  78 410,  81 247,  115 724,  129 643,  226 589,,,,,,,,,,,,,,,,,,,,
42,Libya,,434,C,  457 075,  508 041,  567 436,  625 212,  683 998,  771 146,  242 707,  300 906,  368 950,  445 597,  489 737,  549 153,  214 368,  207 135,  198 486,  179 615,  194 261,  221 993,,,,,,,,,,,,,,,,,,,,
43,Morocco,,504,C,  54 895,  50 360,  53 034,  54 379,  70 909,  88 511,  29 024,  26 264,  27 233,  27 543,  35 738,  44 390,  25 871,  24 096,  25 801,  26 836,  35 171,  44 121,,,,,,,,,,,,,,,,,,,,
44,Sudan,(3),729,B R, 1 402 896, 1 053 396,  801 883,  541 994,  578 363,  503 477,  696 385,  525 701,  403 048,  275 915,  294 782,  254 530,  706 511,  527 695,  398 835,  266 079,  283 581,  248 947,,,,,,,,,,,,,,,,,,,,
45,Tunisia,,788,C,  37 984,  37 867,  36 446,  35 040,  43 172,  56 701,  18 900,  19 045,  18 523,  18 000,  22 236,  29 351,  19 084,  18 822,  17 923,  17 040,  20 936,  27 350,,,,,,,,,,,,,,,,,,,,
46,Western Sahara,,732,I,  2 688,  2 989,  3 289,  3 891,  4 493,  5 179,  1 465,  1 651,  1 837,  2 224,  2 612,  3 059,  1 223,  1 338,  1 452,  1 667,  1 881,  2 120,,,,,,,,,,,,,,,,,,,,
47,Southern Africa,,913,, 1 392 359, 1 191 582, 1 222 314, 1 439 426, 2 203 306, 3 435 194,  840 899,  714 194,  721 814,  837 071, 1 276 957, 2 040 742,  551 460,  477 388,  500 500,  602 355,  926 349, 1 394 452,,,,,,,,,,,,,,,,,,,,
48,Botswana,,72,C,  27 510,  40 168,  57 064,  88 829,  120 912,  160 644,  16 614,  23 517,  32 891,  49 695,  66 692,  87 873,  10 896,  16 651,  24 173,  39 134,  54 220,  72 771,,,,,,,,,,,,,,,,,,,,
49,Lesotho,,426,C R,  8 240,  7 204,  6 167,  6 290,  6 414,  6 572,  4 318,  3 827,  3 335,  3 402,  3 469,  3 558,  3 922,  3 377,  2 832,  2 888,  2 945,  3 014,,,,,,,,,,,,,,,,,,,,
50,Namibia,,516,B,  120 641,  115 372,  134 403,  106 274,  102 405,  93 888,  63 748,  61 310,  72 509,  57 034,  55 054,  50 687,  56 893,  54 062,  61 894,  49 240,  47 351,  43 201,,,,,,,,,,,,,,,,,,,,
51,South Africa,,710,B R, 1 163 883, 1 003 807, 1 001 825, 1 210 936, 1 943 099, 3 142 511,  717 227,  611 083,  600 032,  712 219, 1 135 886, 1 882 276,  446 656,  392 724,  401 793,  498 717,  807 213, 1 260 235,,,,,,,,,,,,,,,,,,,,
52,Swaziland,,748,B R,  72 085,  25 031,  22 855,  27 097,  30 476,  31 579,  38 992,  14 457,  13 047,  14 721,  15 856,  16 348,  33 093,  10 574,  9 808,  12 376,  14 620,  15 231,,,,,,,,,,,,,,,,,,,,
53,Western Africa,,914,, 4 470 503, 5 410 742, 5 090 860, 5 295 046, 5 918 053, 6 618 514, 2 392 339, 2 865 785, 2 700 930, 2 817 734, 3 158 865, 3 535 629, 2 078 164, 2 544 957, 2 389 930, 2 477 312, 2 759 188, 3 082 885,,,,,,,,,,,,,,,,,,,,
54,Benin,,204,C B R,  76 212,  104 971,  133 730,  171 499,  209 267,  245 399,  40 092,  55 858,  71 624,  93 882,  116 139,  137 662,  36 120,  49 113,  62 106,  77 617,  93 128,  107 737,,,,,,,,,,,,,,,,,,,,
55,Burkina Faso,,854,B R,  349 657,  434 848,  520 039,  596 972,  673 904,  704 676,  167 836,  209 117,  250 399,  285 542,  320 684,  335 328,  181 821,  225 731,  269 640,  311 430,  353 220,  369 348,,,,,,,,,,,,,,,,,,,,
56,Cabo Verde,,132,B,  8 931,  9 979,  11 027,  12 700,  14 373,  14 924,  4 429,  5 091,  5 753,  6 523,  7 293,  7 547,  4 502,  4 888,  5 274,  6 177,  7 080,  7 377,,,,,,,,,,,,,,,,,,,,
57,C?te d'Ivoire,,384,C B, 1 816 426, 2 076 394, 1 994 135, 2 010 824, 2 095 185, 2 175 399, 1 011 749, 1 150 710, 1 104 600, 1 113 590, 1 160 366, 1 204 616,  804 677,  925 684,  889 535,  897 234,  934 819,  970 783,,,,,,,,,,,,,,,,,,,,
58,Gambia,,270,B,  118 123,  150 890,  182 514,  181 905,  185 763,  192 540,  66 306,  82 048,  97 138,  96 230,  98 086,  101 501,  51 817,  68 842,  85 376,  85 675,  87 677,  91 039,,,,,,,,,,,,,,,,,,,,
59,Ghana,,288,B,  164 851,  252 879,  191 601,  304 436,  337 017,  399 471,  83 030,  127 423,  97 279,  159 363,  181 558,  217 444,  81 821,  125 456,  94 322,  145 073,  155 459,  182 027,,,,,,,,,,,,,,,,,,,,
60,Guinea,,324,C R,  403 621,  774 505,  560 075,  229 611,  205 111,  228 413,  201 260,  386 537,  279 108,  111 738,  100 953,  112 583,  202 361,  387 968,  280 967,  117 873,  104 158,  115 830,,,,,,,,,,,,,,,,,,,,
61,Guinea-Bissau,,624,B R,  15 368,  27 961,  20 450,  20 736,  21 061,  22 333,  7 689,  13 833,  10 155,  10 298,  10 307,  10 826,  7 679,  14 128,  10 295,  10 438,  10 754,  11 507,,,,,,,,,,,,,,,,,,,,
62,Liberia,,430,B,  94 964,  208 563,  151 868,  87 188,  99 129,  113 779,  53 924,  111 647,  82 129,  51 183,  56 885,  64 879,  41 040,  96 916,  69 739,  36 005,  42 244,  48 900,,,,,,,,,,,,,,,,,,,,
63,Mali,,466,B R,  160 736,  176 187,  189 475,  256 797,  336 607,  363 145,  82 049,  90 871,  97 752,  132 244,  172 879,  186 111,  78 687,  85 316,  91 723,  124 553,  163 728,  177 034,,,,,,,,,,,,,,,,,,,,
64,Mauritania,,478,C R,  111 650,  89 562,  57 366,  58 119,  84 679,  138 162,  57 569,  47 015,  31 163,  32 588,  48 605,  80 230,  54 081,  42 547,  26 203,  25 531,  36 074,  57 932,,,,,,,,,,,,,,,,,,,,
65,Niger,,562,B R,  115 464,  145 999,  122 260,  124 461,  126 464,  189 255,  55 222,  69 751,  58 192,  59 170,  60 033,  89 731,  60 242,  76 248,  64 068,  65 291,  66 431,  99 524,,,,,,,,,,,,,,,,,,,,
66,Nigeria,,566,C R,  456 621,  462 999,  487 882,  648 019,  920 118, 1 199 115,  256 166,  258 091,  270 211,  357 751,  506 367,  657 887,  200 455,  204 908,  217 671,  290 268,  413 751,  541 228,,,,,,,,,,,,,,,,,,,,
67,Saint Helena,(4),654,B,   383,   394,   405,   487,   569,   604,   222,   218,   215,   263,   312,   335,   161,   176,   190,   224,   257,   269,,,,,,,,,,,,,,,,,,,,
68,Senegal,,686,B R,  270 410,  287 654,  231 901,  238 298,  256 092,  263 242,  138 840,  147 165,  121 492,  124 854,  135 879,  139 689,  131 570,  140 489,  110 409,  113 444,  120 213,  123 553,,,,,,,,,,,,,,,,,,,,
69,Sierra Leone,,694,B R,  222 242,  105 374,  98 241,  149 615,  97 452,  91 213,  123 053,  59 683,  54 639,  79 638,  53 239,  49 962,  99 189,  45 691,  43 602,  69 977,  44 213,  41 251,,,,,,,,,,,,,,,,,,,,
70,Togo,,768,C R,  84 844,  101 583,  137 891,  203 379,  255 262,  276 844,  42 903,  50 727,  69 081,  102 877,  129 280,  139 298,  41 941,  50 856,  68 810,  100 502,  125 982,  137 546,,,,,,,,,,,,,,,,,,,,
71,Asia,,935,, 48 142 261, 46 548 225, 49 340 815, 53 371 224, 65 914 319, 75 081 125, 26 011 875, 25 197 522, 26 848 671, 29 585 231, 38 205 140, 43 550 416, 22 130 386, 21 350 703, 22 492 144, 23 785 993, 27 709 179, 31 530 709,,,,,,,,,,,,,,,,,,,,
72,Central Asia,,5500,, 6 630 683, 5 890 035, 5 183 872, 5 238 699, 5 262 414, 5 393 504, 2 972 500, 2 635 584, 2 315 883, 2 408 209, 2 488 477, 2 596 652, 3 658 183, 3 254 451, 2 867 989, 2 830 490, 2 773 937, 2 796 852,,,,,,,,,,,,,,,,,,,,
73,Kazakhstan,,398,B, 3 619 200, 3 245 250, 2 871 300, 3 102 962, 3 334 623, 3 546 778, 1 666 164, 1 494 009, 1 321 855, 1 473 441, 1 625 026, 1 758 182, 1 953 036, 1 751 241, 1 549 445, 1 629 521, 1 709 597, 1 788 596,,,,,,,,,,,,,,,,,,,,
74,Kyrgyzstan,,417,B,  623 083,  510 296,  389 558,  312 897,  231 511,  204 382,  260 416,  213 277,  162 815,  129 544,  94 348,  82 616,  362 667,  297 019,  226 743,  183 353,  137 163,  121 766,,,,,,,,,,,,,,,,,,,,
75,Tajikistan,,762,B,  428 900,  348 347,  299 266,  280 444,  278 152,  275 059,  188 128,  151 957,  131 420,  121 381,  120 124,  118 597,  240 772,  196 390,  167 846,  159 063,  158 028,  156 462,,,,,,,,,,,,,,,,,,,,
76,Turkmenistan,,795,B,  306 500,  273 565,  218 498,  213 051,  197 979,  196 386,  134 174,  118 851,  94 168,  94 406,  90 600,  91 523,  172 326,  154 714,  124 330,  118 645,  107 379,  104 863,,,,,,,,,,,,,,,,,,,,
77,Uzbekistan,,860,B, 1 653 000, 1 512 577, 1 405 250, 1 329 345, 1 220 149, 1 170 899,  723 618,  657 490,  605 625,  589 437,  558 379,  545 734,  929 382,  855 087,  799 625,  739 908,  661 770,  625 165,,,,,,,,,,,,,,,,,,,,
78,Eastern Asia,,906,, 3 959 345, 4 658 475, 5 393 081, 6 229 524, 7 061 814, 7 596 693, 2 005 886, 2 266 526, 2 551 555, 2 931 331, 3 318 241, 3 576 788, 1 953 459, 2 391 949, 2 841 526, 3 298 193, 3 743 573, 4 019 905,,,,,,,,,,,,,,,,,,,,
79,China,(5),156,C,  376 361,  442 198,  508 034,  678 947,  849 861,  978 046,  191 954,  223 018,  254 082,  379 920,  505 758,  600 136,  184 407,  219 180,  253 952,  299 027,  344 103,  377 910,,,,,,,,,,,,,,,,,,,,
80,"China, Hong Kong Special Administrative Region",(6),344,B, 2 218 473, 2 443 798, 2 669 122, 2 721 235, 2 779 950, 2 838 665, 1 124 544, 1 175 087, 1 225 629, 1 185 121, 1 147 539, 1 119 957, 1 093 929, 1 268 711, 1 443 493, 1 536 114, 1 632 411, 1 718 708,,,,,,,,,,,,,,,,,,,,
81,"China, Macao Special Administrative Region",(7),446,B,  205 047,  224 929,  240 791,  279 308,  318 506,  342 703,  96 379,  103 660,  109 391,  130 387,  146 407,  155 692,  108 668,  121 269,  131 400,  148 921,  172 099,  187 011,,,,,,,,,,,,,,,,,,,,
82,Democratic People's Republic of Korea,,408,I,  34 103,  35 143,  36 183,  40 097,  44 010,  48 458,  17 393,  17 562,  17 731,  19 749,  21 766,  24 110,  16 710,  17 581,  18 452,  20 348,  22 244,  24 348,,,,,,,,,,,,,,,,,,,,
83,Japan,,392,C, 1 075 626, 1 381 097, 1 686 567, 2 012 916, 2 134 151, 2 043 877,  547 986,  672 482,  796 977,  924 544,  959 860,  919 259,  527 640,  708 615,  889 590, 1 088 372, 1 174 291, 1 124 618,,,,,,,,,,,,,,,,,,,,
84,Mongolia,,496,C,  6 718,  7 424,  8 206,  11 475,  16 061,  17 620,  3 419,  3 959,  4 564,  7 576,  11 880,  12 857,  3 299,  3 465,  3 642,  3 899,  4 181,  4 763,,,,,,,,,,,,,,,,,,,,
85,Republic of Korea,,410,C,  43 017,  123 886,  244 178,  485 546,  919 275, 1 327 324,  24 211,  70 758,  143 181,  284 034,  525 031,  744 777,  18 806,  53 128,  100 997,  201 512,  394 244,  582 547,,,,,,,,,,,,,,,,,,,,
86,South-Eastern Asia,,920,, 2 876 616, 3 700 057, 4 926 833, 6 522 343, 8 661 853, 9 867 722, 1 511 104, 1 916 620, 2 504 609, 3 343 951, 4 497 075, 5 118 389, 1 365 512, 1 783 437, 2 422 224, 3 178 392, 4 164 778, 4 749 333,,,,,,,,,,,,,,,,,,,,
87,Brunei Darussalam,,96,B,  73 200,  84 748,  96 296,  98 441,  100 587,  102 733,  41 856,  47 832,  53 807,  55 265,  56 723,  58 181,  31 344,  36 916,  42 489,  43 176,  43 864,  44 552,,,,,,,,,,,,,,,,,,,,
88,Cambodia,,116,B,  38 375,  92 230,  146 085,  114 031,  81 977,  73 963,  19 084,  45 361,  71 638,  57 511,  43 385,  39 854,  19 291,  46 869,  74 447,  56 520,  38 592,  34 109,,,,,,,,,,,,,,,,,,,,
89,Indonesia,,360,B R,  465 612,  378 960,  292 307,  289 568,  305 416,  328 846,  229 885,  191 600,  153 315,  165 493,  174 864,  189 800,  235 727,  187 360,  138 992,  124 075,  130 552,  139 046,,,,,,,,,,,,,,,,,,,,
90,Lao People's Democratic Republic,,418,C R,  22 866,  23 526,  21 948,  20 371,  21 185,  22 244,  11 806,  12 199,  11 564,  10 930,  11 367,  11 936,  11 060,  11 327,  10 384,  9 441,  9 818,  10 308,,,,,,,,,,,,,,,,,,,,
91,Malaysia,(8),458,C R,  695 920,  937 368, 1 277 223, 1 722 344, 2 406 011, 2 514 243,  405 808,  534 964,  712 912,  995 607, 1 437 206, 1 529 630,  290 112,  402 404,  564 311,  726 737,  968 805,  984 613,,,,,,,,,,,,,,,,,,,,
92,Myanmar,,104,C,  133 545,  113 663,  98 011,  83 025,  76 414,  73 308,  72 310,  61 489,  52 150,  44 506,  41 574,  40 177,  61 235,  52 174,  45 861,  38 519,  34 840,  33 131,,,,,,,,,,,,,,,,,,,,
93,Philippines,,608,C R,  154 071,  207 345,  318 095,  257 468,  208 599,  211 862,  81 347,  107 524,  161 904,  133 023,  107 933,  109 783,  72 724,  99 821,  156 191,  124 445,  100 666,  102 079,,,,,,,,,,,,,,,,,,,,
94,Singapore,,702,B,  727 262,  991 492, 1 351 691, 1 710 594, 2 164 794, 2 543 638,  345 842,  456 411,  601 671,  758 762,  956 856, 1 122 986,  381 420,  535 081,  750 020,  951 832, 1 207 938, 1 420 652,,,,,,,,,,,,,,,,,,,,
95,Thailand,,764,B R,  528 693,  809 720, 1 257 821, 2 163 447, 3 224 131, 3 913 258,  283 486,  426 290,  647 728, 1 086 166, 1 624 755, 1 967 491,  245 207,  383 430,  610 093, 1 077 281, 1 599 376, 1 945 767,,,,,,,,,,,,,,,,,,,,
96,Timor-Leste,,626,B,  8 954,  9 743,  10 602,  11 286,  10 983,  10 834,  4 450,  4 763,  5 095,  5 582,  6 441,  6 383,  4 504,  4 980,  5 507,  5 704,  4 542,  4 451,,,,,,,,,,,,,,,,,,,,
97,Viet Nam,,704,C R,  28 118,  51 262,  56 754,  51 768,  61 756,  72 793,  15 230,  28 187,  32 825,  31 106,  35 971,  42 168,  12 888,  23 075,  23 929,  20 662,  25 785,  30 625,,,,,,,,,,,,,,,,,,,,
98,Southern Asia,,5501,, 19 436 343, 15 343 019, 15 278 020, 13 722 011, 14 326 591, 14 103 682, 10 601 061, 8 382 298, 8 414 610, 7 537 840, 7 953 646, 7 699 380, 8 835 282, 6 960 721, 6 863 410, 6 184 171, 6 372 945, 6 404 302,,,,,,,,,,,,,,,,,,,,
99,Afghanistan,,4,B,  57 686,  71 522,  75 917,  87 300,  102 246,  382 365,  32 558,  39 105,  42 848,  49 274,  57 709,  193 445,  25 128,  32 417,  33 069,  38 026,  44 537,  188 920,,,,,,,,,,,,,,,,,,,,
100,Bangladesh,,50,B R,  881 617,  934 735,  987 853, 1 166 700, 1 345 546, 1 422 805,  759 452,  805 196,  850 941, 1 007 698, 1 164 455, 1 233 206,  122 165,  129 539,  136 912,  159 002,  181 091,  189 599,,,,,,,,,,,,,,,,,,,,
101,Bhutan,,64,B,  23 807,  27 972,  32 137,  40 279,  48 420,  51 106,  19 409,  22 804,  26 200,  32 742,  39 283,  41 441,  4 398,  5 168,  5 937,  7 537,  9 137,  9 665,,,,,,,,,,,,,,,,,,,,
102,India,,356,B R, 7 493 204, 6 952 238, 6 411 272, 5 923 642, 5 436 012, 5 240 960, 3 914 396, 3 608 978, 3 303 560, 3 045 693, 2 787 826, 2 684 680, 3 578 808, 3 343 260, 3 107 712, 2 877 949, 2 648 186, 2 556 280,,,,,,,,,,,,,,,,,,,,
103,Iran (Islamic Republic of),,364,B R, 4 291 601, 2 937 668, 2 803 805, 2 568 930, 2 761 561, 2 726 420, 2 456 700, 1 705 972, 1 662 264, 1 410 319, 1 571 723, 1 445 236, 1 834 901, 1 231 696, 1 141 541, 1 158 611, 1 189 838, 1 281 184,,,,,,,,,,,,,,,,,,,,
104,Maldives,,462,C R,  8 689,  18 510,  27 092,  45 045,  73 604,  94 086,  4 777,  9 243,  14 907,  27 079,  47 995,  66 140,  3 912,  9 267,  12 185,  17 966,  25 609,  27 946,,,,,,,,,,,,,,,,,,,,
105,Nepal,,524,B R,  429 974,  690 225,  717 900,  679 457,  578 657,  518 278,  125 966,  217 088,  241 959,  235 203,  189 518,  160 851,  304 008,  473 137,  475 941,  444 254,  389 139,  357 427,,,,,,,,,,,,,,,,,,,,
106,Pakistan,,586,B R, 6 208 204, 3 669 308, 4 181 912, 3 171 132, 3 941 586, 3 628 956, 3 264 380, 1 951 223, 2 249 960, 1 708 514, 2 074 443, 1 854 136, 2 943 824, 1 718 085, 1 931 952, 1 462 618, 1 867 143, 1 774 820,,,,,,,,,,,,,,,,,,,,
107,Sri Lanka,,144,B R,  41 561,  40 841,  40 132,  39 526,  38 959,  38 706,  23 423,  22 689,  21 971,  21 318,  20 694,  20 245,  18 138,  18 152,  18 161,  18 208,  18 265,  18 461,,,,,,,,,,,,,,,,,,,,
108,Western Asia,,922,, 15 239 274, 16 956 639, 18 559 009, 21 658 647, 30 601 647, 38 119 524, 8 921 324, 9 996 494, 11 062 014, 13 363 900, 19 947 701, 24 559 207, 6 317 950, 6 960 145, 7 496 995, 8 294 747, 10 653 946, 13 560 317,,,,,,,,,,,,,,,,,,,,
109,Armenia,,51,B R,  658 789,  693 999,  657 900,  469 119,  221 560,  191 199,  270 535,  284 995,  270 170,  191 401,  90 345,  77 436,  388 254,  409 004,  387 730,  277 718,  131 215,  113 763,,,,,,,,,,,,,,,,,,,,
110,Azerbaijan,(9),31,B R,  360 600,  344 070,  327 540,  302 220,  276 901,  264 241,  157 856,  149 509,  141 161,  135 336,  129 512,  126 600,  202 744,  194 561,  186 379,  166 884,  147 389,  137 641,,,,,,,,,,,,,,,,,,,,
111,Bahrain,,48,C,  173 212,  205 979,  239 361,  404 018,  657 856,  704 137,  122 730,  144 227,  165 344,  288 614,  475 905,  508 966,  50 482,  61 752,  74 017,  115 404,  181 951,  195 171,,,,,,,,,,,,,,,,,,,,
112,Cyprus,(10),196,B,  43 805,  61 941,  80 076,  117 165,  187 923,  196 167,  20 463,  27 604,  34 745,  50 421,  82 284,  86 980,  23 342,  34 337,  45 331,  66 744,  105 639,  109 187,,,,,,,,,,,,,,,,,,,,
113,Georgia,(11),268,B,  338 300,  278 450,  218 600,  199 805,  182 202,  168 802,  148 094,  121 152,  94 211,  86 123,  78 548,  72 861,  190 206,  157 298,  124 389,  113 682,  103 654,  95 941,,,,,,,,,,,,,,,,,,,,
114,Iraq,,368,C R,  83 638,  199 460,  210 525,  132 915,  117 389,  353 881,  55 751,  114 821,  120 464,  80 883,  72 965,  207 133,  27 887,  84 639,  90 061,  52 032,  44 424,  146 748,,,,,,,,,,,,,,,,,,,,
115,Israel,,376,B R, 1 632 704, 1 792 185, 1 851 309, 1 889 503, 1 950 615, 2 011 727,  770 777,  830 330,  853 712,  867 805,  890 352,  912 899,  861 927,  961 855,  997 597, 1 021 698, 1 060 263, 1 098 828,,,,,,,,,,,,,,,,,,,,
116,Jordan,,400,C R, 1 146 349, 1 537 097, 1 927 845, 2 325 414, 2 722 983, 3 112 026,  586 473,  784 725,  982 977, 1 183 645, 1 384 313, 1 567 177,  559 876,  752 372,  944 868, 1 141 769, 1 338 670, 1 544 849,,,,,,,,,,,,,,,,,,,,
117,Kuwait,,414,C R, 1 074 391,  921 954, 1 127 640, 1 333 327, 1 871 537, 2 866 136,  654 878,  591 452,  761 512,  918 580, 1 309 814, 1 888 220,  419 513,  330 502,  366 128,  414 747,  561 723,  977 916,,,,,,,,,,,,,,,,,,,,
118,Lebanon,,422,B R,  523 693,  608 303,  692 913,  756 784,  820 655, 1 997 776,  267 922,  310 613,  353 305,  390 331,  427 358,  959 973,  255 771,  297 690,  339 608,  366 453,  393 297, 1 037 803,,,,,,,,,,,,,,,,,,,,
119,Oman,,512,C,  304 000,  539 643,  623 608,  666 160,  816 221, 1 844 978,  242 477,  417 444,  488 389,  527 842,  658 746, 1 495 360,  61 523,  122 199,  135 219,  138 318,  157 475,  349 618,,,,,,,,,,,,,,,,,,,,
120,Qatar,,634,C,  309 753,  361 673,  359 697,  646 026, 1 456 413, 1 687 640,  225 932,  269 972,  274 242,  498 428, 1 206 571, 1 416 361,  83 821,  91 701,  85 455,  147 598,  249 842,  271 279,,,,,,,,,,,,,,,,,,,,
121,Saudi Arabia,,682,C R, 4 998 445, 5 122 702, 5 263 387, 6 501 819, 8 429 956, 10 185 945, 3 324 873, 3 416 485, 3 517 768, 4 469 805, 5 933 281, 6 938 598, 1 673 572, 1 706 217, 1 745 619, 2 032 014, 2 496 675, 3 247 347,,,,,,,,,,,,,,,,,,,,
122,State of Palestine,(12),275,B,  288 332,  281 767,  275 202,  266 617,  258 032,  255 507,  132 101,  128 328,  124 555,  119 621,  114 688,  113 237,  156 231,  153 439,  150 647,  146 996,  143 344,  142 270,,,,,,,,,,,,,,,,,,,,
123,Syrian Arab Republic,,760,C R,  714 140,  830 610,  832 273,  876 410, 1 661 922,  875 189,  364 077,  423 115,  426 633,  449 470,  848 834,  447 528,  350 063,  407 495,  405 640,  426 940,  813 088,  427 661,,,,,,,,,,,,,,,,,,,,
124,Turkey,,792,B R, 1 163 686, 1 216 173, 1 280 963, 1 319 236, 1 367 034, 2 964 916,  577 329,  593 938,  616 007,  618 938,  625 960, 1 514 468,  586 357,  622 235,  664 956,  700 298,  741 074, 1 450 448,,,,,,,,,,,,,,,,,,,,
125,United Arab Emirates,,784,C R, 1 306 574, 1 824 118, 2 446 675, 3 281 036, 7 316 611, 8 095 126,  932 046, 1 309 952, 1 757 144, 2 388 278, 5 463 515, 6 044 983,  374 528,  514 166,  689 531,  892 758, 1 853 096, 2 050 143,,,,,,,,,,,,,,,,,,,,
126,Yemen,,887,C R,  118 863,  136 515,  143 495,  171 073,  285 837,  344 131,  67 010,  77 832,  79 675,  98 379,  154 710,  180 427,  51 853,  58 683,  63 820,  72 694,  131 127,  163 704,,,,,,,,,,,,,,,,,,,,
127,Europe,,908,, 49 219 200, 52 842 663, 56 271 885, 64 086 824, 72 374 755, 76 145 954, 23 946 673, 25 635 806, 27 236 062, 30 921 625, 34 675 817, 36 272 616, 25 272 527, 27 206 857, 29 035 823, 33 165 199, 37 698 938, 39 873 338,,,,,,,,,,,,,,,,,,,,
128,Eastern Europe,,923,, 21 995 312, 21 344 124, 20 428 480, 19 747 392, 19 116 929, 19 684 357, 10 201 263, 10 022 332, 9 700 625, 9 362 793, 9 033 489, 9 305 588, 11 794 049, 11 321 792, 10 727 855, 10 384 599, 10 083 440, 10 378 769,,,,,,,,,,,,,,,,,,,,
129,Belarus,,112,B, 1 248 977, 1 186 282, 1 123 586, 1 106 982, 1 090 378, 1 082 905,  572 021,  543 307,  514 593,  506 988,  499 384,  495 961,  676 956,  642 975,  608 993,  599 994,  590 994,  586 944,,,,,,,,,,,,,,,,,,,,
130,Bulgaria,,100,B,  21 510,  32 435,  43 360,  61 074,  76 287,  102 113,  9 047,  13 642,  18 238,  26 594,  33 841,  47 442,  12 463,  18 793,  25 122,  34 480,  42 446,  54 671,,,,,,,,,,,,,,,,,,,,
131,Czech Republic,,203,C,  110 394,  165 592,  220 789,  322 540,  397 785,  405 093,  57 405,  88 316,  119 227,  181 719,  235 936,  231 897,  52 989,  77 276,  101 562,  140 821,  161 849,  173 196,,,,,,,,,,,,,,,,,,,,
132,Hungary,,348,B R,  347 510,  322 234,  296 957,  366 787,  436 616,  449 632,  156 185,  147 202,  138 219,  174 216,  210 212,  220 913,  191 325,  175 032,  158 738,  192 571,  226 404,  228 719,,,,,,,,,,,,,,,,,,,,
133,Poland,,616,B, 1 127 771,  964 725,  825 251,  722 509,  642 417,  619 403,  482 176,  404 049,  338 323,  297 039,  262 263,  257 311,  645 595,  560 676,  486 928,  425 470,  380 154,  362 092,,,,,,,,,,,,,,,,,,,,
134,Republic of Moldova,(13),498,B,  544 162,  367 231,  247 828,  173 957,  157 668,  142 904,  239 616,  161 706,  109 129,  76 600,  60 541,  50 545,  304 546,  205 525,  138 699,  97 357,  97 127,  92 359,,,,,,,,,,,,,,,,,,,,
135,Romania,,642,B,  135 825,  135 037,  126 949,  145 162,  155 982,  226 943,  57 601,  63 282,  60 428,  66 264,  77 499,  119 364,  78 224,  71 755,  66 521,  78 898,  78 483,  107 579,,,,,,,,,,,,,,,,,,,,
136,Russian Federation,,643,B, 11 524 948, 11 928 927, 11 900 297, 11 667 588, 11 194 710, 11 643 276, 5 655 422, 5 925 452, 5 982 851, 5 806 597, 5 514 401, 5 715 211, 5 869 526, 6 003 475, 5 917 446, 5 860 991, 5 680 309, 5 928 065,,,,,,,,,,,,,,,,,,,,
137,Slovakia,,703,B,  41 295,  69 323,  116 376,  130 491,  146 319,  177 190,  18 187,  30 531,  51 253,  58 716,  66 938,  83 714,  23 108,  38 792,  65 123,  71 775,  79 381,  93 476,,,,,,,,,,,,,,,,,,,,
138,Ukraine,,804,B, 6 892 920, 6 172 338, 5 527 087, 5 050 302, 4 818 767, 4 834 898, 2 953 603, 2 644 845, 2 368 364, 2 168 060, 2 072 474, 2 083 230, 3 939 317, 3 527 493, 3 158 723, 2 882 242, 2 746 293, 2 751 668,,,,,,,,,,,,,,,,,,,,
139,Northern Europe,,924,, 6 645 605, 7 194 824, 7 900 973, 9 588 814, 11 858 391, 13 331 442, 3 176 421, 3 404 174, 3 711 179, 4 564 413, 5 701 407, 6 382 614, 3 469 184, 3 790 650, 4 189 794, 5 024 401, 6 156 984, 6 948 828,,,,,,,,,,,,,,,,,,,,
140,Channel Islands,(14),830,B,  61 660,  60 519,  64 301,  70 941,  77 581,  82 307,  29 005,  28 468,  30 234,  33 611,  36 982,  39 338,  32 655,  32 051,  34 067,  37 330,  40 599,  42 969,,,,,,,,,,,,,,,,,,,,
141,Denmark,,208,B,  235 189,  303 108,  371 026,  440 383,  509 740,  572 520,  114 411,  147 194,  179 977,  213 097,  246 217,  277 099,  120 778,  155 914,  191 049,  227 286,  263 523,  295 421,,,,,,,,,,,,,,,,,,,,
142,Estonia,,233,B,  381 997,  315 755,  249 512,  233 701,  217 890,  202 348,  171 691,  136 268,  100 844,  94 244,  87 644,  81 237,  210 306,  179 487,  148 668,  139 457,  130 246,  121 111,,,,,,,,,,,,,,,,,,,,
143,Faeroe Islands,,234,B,  4 285,  2 900,  3 593,  4 583,  5 096,  5 517,  2 440,  1 575,  1 921,  2 450,  2 700,  2 795,  1 845,  1 325,  1 672,  2 133,  2 396,  2 722,,,,,,,,,,,,,,,,,,,,
144,Finland,(15),246,B,  63 255,  99 729,  136 203,  192 169,  248 135,  315 881,  31 682,  49 575,  67 469,  96 429,  125 389,  160 650,  31 573,  50 154,  68 734,  95 740,  122 746,  155 231,,,,,,,,,,,,,,,,,,,,
145,Iceland,,352,B,  9 584,  12 738,  15 892,  25 492,  35 091,  37 522,  4 248,  5 727,  7 207,  12 413,  17 619,  18 156,  5 336,  7 011,  8 685,  13 079,  17 472,  19 366,,,,,,,,,,,,,,,,,,,,
146,Ireland,,372,B,  227 961,  226 892,  350 552,  589 046,  730 542,  746 260,  112 093,  108 084,  172 959,  309 910,  360 440,  363 521,  115 868,  118 808,  177 593,  279 136,  370 102,  382 739,,,,,,,,,,,,,,,,,,,,
147,Isle of Man,,833,B,  34 769,  36 886,  39 002,  41 475,  43 447,  45 221,  16 371,  17 548,  18 725,  20 214,  21 361,  22 393,  18 398,  19 338,  20 277,  21 261,  22 086,  22 828,,,,,,,,,,,,,,,,,,,,
148,Latvia,,428,B,  646 007,  538 093,  430 178,  376 725,  313 786,  263 126,  290 800,  234 216,  177 632,  154 745,  124 675,  102 673,  355 207,  303 877,  252 546,  221 980,  189 111,  160 453,,,,,,,,,,,,,,,,,,,,
149,Lithuania,,440,B,  349 258,  273 587,  214 311,  201 209,  160 772,  136 036,  164 585,  128 641,  100 546,  94 189,  69 606,  57 203,  184 673,  144 946,  113 765,  107 020,  91 166,  78 833,,,,,,,,,,,,,,,,,,,,
150,Norway,(16),578,B,  192 587,  233 302,  292 440,  361 144,  526 799,  741 813,  99 562,  117 222,  144 826,  176 444,  268 505,  387 098,  93 025,  116 080,  147 614,  184 700,  258 294,  354 715,,,,,,,,,,,,,,,,,,,,
151,Sweden,,752,B,  788 767,  936 022, 1 003 798, 1 125 790, 1 384 929, 1 639 771,  383 085,  450 945,  480 211,  538 490,  673 083,  810 259,  405 682,  485 077,  523 587,  587 300,  711 846,  829 512,,,,,,,,,,,,,,,,,,,,
152,United Kingdom of Great Britain and Northern Ireland,,826,B, 3 650 286, 4 155 293, 4 730 165, 5 926 156, 7 604 583, 8 543 120, 1 756 448, 1 978 711, 2 228 628, 2 818 177, 3 667 186, 4 060 192, 1 893 838, 2 176 582, 2 501 537, 3 107 979, 3 937 397, 4 482 928,,,,,,,,,,,,,,,,,,,,
153,Southern Europe,,925,, 4 340 454, 5 985 675, 7 517 054, 11 974 334, 16 154 120, 15 747 685, 2 062 811, 2 856 852, 3 610 908, 5 832 012, 7 846 982, 7 374 789, 2 277 643, 3 128 823, 3 906 146, 6 142 322, 8 307 138, 8 372 896,,,,,,,,,,,,,,,,,,,,
154,Albania,,8,B,  66 013,  71 354,  76 695,  64 739,  52 784,  57 616,  30 579,  33 284,  35 990,  32 993,  26 901,  29 363,  35 434,  38 070,  40 705,  31 746,  25 883,  28 253,,,,,,,,,,,,,,,,,,,,
155,Andorra,,20,C,  38 904,  40 525,  42 146,  50 298,  52 053,  42 082,  20 810,  21 451,  22 092,  26 559,  27 486,  22 221,  18 094,  19 074,  20 054,  23 739,  24 567,  19 861,,,,,,,,,,,,,,,,,,,,
156,Bosnia and Herzegovina,,70,I R,  56 000,  69 476,  82 952,  47 272,  38 792,  34 803,  26 538,  33 115,  39 691,  22 473,  18 504,  16 599,  29 462,  36 361,  43 261,  24 799,  20 288,  18 204,,,,,,,,,,,,,,,,,,,,
157,Croatia,,191,B R,  475 438,  674 085,  585 298,  579 273,  573 248,  576 883,  222 531,  315 733,  274 823,  271 645,  268 466,  269 287,  252 907,  358 352,  310 475,  307 628,  304 782,  307 596,,,,,,,,,,,,,,,,,,,,
158,Gibraltar,,292,B,  8 709,  8 381,  8 054,  9 211,  10 369,  11 065,  4 528,  4 196,  3 865,  4 518,  5 171,  5 591,  4 181,  4 185,  4 189,  4 693,  5 198,  5 474,,,,,,,,,,,,,,,,,,,,
159,Greece,,300,B,  618 139,  857 850, 1 111 665, 1 190 707, 1 269 749, 1 242 514,  330 038,  445 004,  559 794,  587 677,  615 560,  575 927,  288 101,  412 846,  551 871,  603 030,  654 189,  666 587,,,,,,,,,,,,,,,,,,,,
160,Holy See,(17),336,I,   770,   779,   787,   793,   799,   800,   376,   378,   379,   378,   377,   374,   394,   401,   408,   415,   422,   426,,,,,,,,,,,,,,,,,,,,
161,Italy,,380,B, 1 428 219, 1 774 954, 2 121 688, 3 954 790, 5 787 893, 5 788 875,  642 414,  809 553,  976 691, 1 820 290, 2 663 889, 2 608 451,  785 805,  965 401, 1 144 997, 2 134 500, 3 124 004, 3 180 424,,,,,,,,,,,,,,,,,,,,
162,Malta,,470,B,  15 077,  17 740,  21 521,  24 560,  33 084,  41 442,  7 012,  8 366,  10 289,  11 899,  16 777,  21 969,  8 065,  9 374,  11 232,  12 661,  16 307,  19 473,,,,,,,,,,,,,,,,,,,,
163,Montenegro,,499,B,..,..,..,..,  78 507,  82 541,..,..,..,..,  31 636,  33 547,..,..,..,..,  46 871,  48 994,,,,,,,,,,,,,,,,,,,,
164,Portugal,,620,B,  435 782,  532 822,  651 472,  771 184,  762 825,  837 257,  209 922,  259 337,  320 319,  376 774,  371 536,  389 537,  225 860,  273 485,  331 153,  394 410,  391 289,  447 720,,,,,,,,,,,,,,,,,,,,
165,San Marino,,674,B,  3 310,  3 659,  4 045,  4 218,  4 399,  4 717,  1 728,  1 940,  2 175,  2 302,  2 435,  2 577,  1 582,  1 719,  1 870,  1 916,  1 964,  2 140,,,,,,,,,,,,,,,,,,,,
166,Serbia,(18),688,B,  99 269,  630 221,  856 763,  845 120,  826 066,  807 441,  46 712,  289 545,  383 893,  373 473,  364 654,  355 180,  52 557,  340 676,  472 870,  471 647,  461 412,  452 261,,,,,,,,,,,,,,,,,,,,
167,Slovenia,,705,B,  178 077,  174 419,  171 018,  197 276,  253 786,  235 966,  89 514,  90 255,  90 464,  107 131,  141 285,  134 491,  88 563,  84 164,  80 554,  90 145,  112 501,  101 475,,,,,,,,,,,,,,,,,,,,
168,Spain,(19),724,B,  821 605, 1 020 067, 1 657 285, 4 107 226, 6 280 065, 5 852 953,  390 448,  499 114,  838 058, 2 140 680, 3 238 238, 2 855 179,  431 157,  520 953,  819 227, 1 966 546, 3 041 827, 2 997 774,,,,,,,,,,,,,,,,,,,,
169,The former Yugoslav Republic of Macedonia,,807,B,  95 142,  109 343,  125 665,  127 667,  129 701,  130 730,  39 661,  45 581,  52 385,  53 220,  54 067,  54 496,  55 481,  63 762,  73 280,  74 447,  75 634,  76 234,,,,,,,,,,,,,,,,,,,,
170,Western Europe,,926,, 16 237 829, 18 318 040, 20 425 378, 22 776 284, 25 245 315, 27 382 470, 8 506 178, 9 352 448, 10 213 350, 11 162 407, 12 093 939, 13 209 625, 7 731 651, 8 965 592, 10 212 028, 11 613 877, 13 151 376, 14 172 845,,,,,,,,,,,,,,,,,,,,
171,Austria,,40,B,  793 239,  894 893,  996 547, 1 136 270, 1 275 992, 1 492 374,  368 287,  423 302,  478 318,  543 618,  608 918,  716 470,  424 952,  471 591,  518 229,  592 652,  667 074,  775 904,,,,,,,,,,,,,,,,,,,,
172,Belgium,,56,C,  891 537,  885 278,  853 369,  870 862, 1 052 844, 1 387 940,  480 445,  468 072,  443 696,  445 710,  534 608,  715 142,  411 092,  417 206,  409 673,  425 152,  518 236,  672 798,,,,,,,,,,,,,,,,,,,,
173,France,,250,B, 5 897 267, 6 087 993, 6 278 718, 6 737 600, 7 196 481, 7 784 418, 2 999 376, 3 046 083, 3 092 789, 3 300 859, 3 508 928, 3 782 619, 2 897 891, 3 041 910, 3 185 929, 3 436 741, 3 687 553, 4 001 799,,,,,,,,,,,,,,,,,,,,
174,Germany,,276,B, 5 936 181, 7 464 406, 8 992 631, 10 299 160, 11 605 690, 12 005 690, 3 293 128, 3 898 397, 4 503 666, 5 011 682, 5 519 698, 5 709 939, 2 643 053, 3 566 009, 4 488 965, 5 287 478, 6 085 992, 6 295 751,,,,,,,,,,,,,,,,,,,,
175,Liechtenstein,,438,B,  10 906,  13 311,  15 483,  18 898,  22 342,  23 493,  5 956,  7 068,  7 980,  9 434,  10 867,  11 428,  4 950,  6 243,  7 503,  9 464,  11 475,  12 065,,,,,,,,,,,,,,,,,,,,
176,Luxembourg,,442,B,  113 795,  126 106,  139 750,  150 618,  163 142,  249 325,  56 062,  62 292,  69 286,  74 951,  81 420,  126 180,  57 733,  63 814,  70 464,  75 667,  81 722,  123 145,,,,,,,,,,,,,,,,,,,,
177,Monaco,,492,B,  20 359,  21 060,  21 787,  21 312,  21 132,  21 042,  9 471,  9 955,  10 458,  10 322,  10 325,  10 326,  10 888,  11 105,  11 329,  10 990,  10 807,  10 716,,,,,,,,,,,,,,,,,,,,
178,Netherlands,,528,B, 1 182 263, 1 346 164, 1 556 337, 1 736 127, 1 832 510, 1 979 486,  592 343,  668 236,  765 302,  843 444,  881 264,  942 478,  589 920,  677 928,  791 035,  892 683,  951 246, 1 037 008,,,,,,,,,,,,,,,,,,,,
179,Switzerland,,756,B, 1 392 282, 1 478 829, 1 570 756, 1 805 437, 2 075 182, 2 438 702,  701 110,  769 043,  841 855,  922 387,  937 911, 1 195 043,  691 172,  709 786,  728 901,  883 050, 1 137 271, 1 243 659,,,,,,,,,,,,,,,,,,,,
180,Latin America and the Caribbean,,904,, 7 169 728, 6 694 640, 6 578 428, 7 233 098, 8 238 795, 9 233 989, 3 597 037, 3 349 769, 3 283 675, 3 594 756, 4 090 744, 4 583 051, 3 572 691, 3 344 871, 3 294 753, 3 638 342, 4 148 051, 4 650 938,,,,,,,,,,,,,,,,,,,,
181,Caribbean,,915,, 1 056 555, 1 154 700, 1 255 647, 1 328 740, 1 345 732, 1 367 407,  549 666,  596 692,  645 104,  680 714,  688 738,  701 130,  506 889,  558 008,  610 543,  648 026,  656 994,  666 277,,,,,,,,,,,,,,,,,,,,
182,Anguilla,,660,B,  2 570,  3 317,  4 063,  4 684,  5 103,  5 470,  1 258,  1 584,  1 910,  2 210,  2 415,  2 593,  1 312,  1 733,  2 153,  2 474,  2 688,  2 877,,,,,,,,,,,,,,,,,,,,
183,Antigua and Barbuda,,28,B,  12 029,  17 550,  23 071,  24 741,  26 412,  28 083,  5 775,  8 046,  10 316,  11 052,  11 788,  12 524,  6 254,  9 504,  12 755,  13 689,  14 624,  15 559,,,,,,,,,,,,,,,,,,,,
184,Aruba,,533,B,  14 444,  22 274,  30 104,  32 540,  34 327,  36 114,  6 429,  9 974,  13 519,  14 559,  15 311,  16 108,  8 015,  12 300,  16 585,  17 981,  19 016,  20 006,,,,,,,,,,,,,,,,,,,,
185,Bahamas,,44,B,  26 855,  31 654,  36 454,  45 595,  54 736,  59 306,  13 827,  16 620,  19 414,  23 646,  27 878,  29 994,  13 028,  15 034,  17 040,  21 949,  26 858,  29 312,,,,,,,,,,,,,,,,,,,,
186,Barbados,,52,B,  24 024,  26 224,  28 424,  30 624,  32 825,  34 475,  10 065,  11 235,  12 405,  13 575,  14 746,  15 488,  13 959,  14 989,  16 019,  17 049,  18 079,  18 987,,,,,,,,,,,,,,,,,,,,
187,"Bonaire, Sint Eustatius and Saba",(20),535,B,  38 410,  42 258,  46 105,  49 105,  11 445,  13 002,  17 257,  18 830,  20 402,  21 730,  5 530,  6 292,  21 153,  23 428,  25 703,  27 375,  5 915,  6 710,,,,,,,,,,,,,,,,,,,,
188,British Virgin Islands,,92,B,  8 035,  10 046,  12 058,  13 808,  15 558,  17 308,  4 126,  5 034,  5 942,  6 805,  7 667,  8 530,  3 909,  5 012,  6 116,  7 003,  7 891,  8 778,,,,,,,,,,,,,,,,,,,,
189,Cayman Islands,,136,C,  9 387,  14 320,  19 253,  21 655,  24 057,  23 726,  4 622,  7 166,  9 709,  11 011,  12 312,  12 143,  4 765,  7 154,  9 544,  10 644,  11 745,  11 583,,,,,,,,,,,,,,,,,,,,
190,Cuba,,192,B,  34 555,  26 187,  17 818,  17 023,  14 818,  13 336,  17 278,  12 559,  7 840,  7 540,  6 611,  5 950,  17 277,  13 628,  9 978,  9 483,  8 207,  7 386,,,,,,,,,,,,,,,,,,,,
191,Cura?ao,,531,B,..,..,..,..,  34 627,  37 611,..,..,..,..,  14 195,  15 467,..,..,..,..,  20 432,  22 144,,,,,,,,,,,,,,,,,,,,
192,Dominica,,212,B,  2 519,  3 121,  3 723,  4 744,  5 765,  6 720,  1 309,  1 623,  1 955,  2 491,  3 027,  3 528,  1 210,  1 498,  1 768,  2 253,  2 738,  3 192,,,,,,,,,,,,,,,,,,,,
193,Dominican Republic,,214,B,  291 151,  323 381,  355 611,  376 001,  393 720,  415 564,  181 677,  198 842,  216 008,  228 180,  238 742,  251 890,  109 474,  124 539,  139 603,  147 821,  154 978,  163 674,,,,,,,,,,,,,,,,,,,,
194,Grenada,,308,B,  4 263,  5 544,  6 825,  6 902,  6 980,  7 057,  2 106,  2 746,  3 386,  3 424,  3 463,  3 502,  2 157,  2 798,  3 439,  3 478,  3 517,  3 555,,,,,,,,,,,,,,,,,,,,
195,Guadeloupe,(21),312,B,  65 944,  74 566,  83 188,  89 065,  94 942,  98 507,  32 718,  36 248,  39 778,  41 273,  42 768,  43 858,  33 226,  38 318,  43 410,  47 792,  52 174,  54 649,,,,,,,,,,,,,,,,,,,,
196,Haiti,,332,B,  19 084,  22 458,  25 832,  30 468,  35 104,  39 529,  10 606,  12 635,  14 664,  17 413,  20 162,  22 774,  8 478,  9 823,  11 168,  13 055,  14 942,  16 755,,,,,,,,,,,,,,,,,,,,
197,Jamaica,,388,B,  20 475,  22 713,  24 952,  24 314,  23 677,  23 167,  9 981,  11 242,  12 503,  12 263,  12 024,  11 766,  10 494,  11 471,  12 449,  12 051,  11 653,  11 401,,,,,,,,,,,,,,,,,,,,
198,Martinique,,474,B,  38 705,  46 599,  54 492,  57 034,  59 575,  61 731,  19 091,  22 271,  25 451,  25 891,  26 330,  26 989,  19 614,  24 328,  29 041,  31 143,  33 245,  34 742,,,,,,,,,,,,,,,,,,,,
199,Montserrat,,500,B,  2 013,  1 612,  1 211,  1 244,  1 277,  1 351,  1 029,   825,   622,   639,   657,   696,   984,   787,   589,   605,   620,   655,,,,,,,,,,,,,,,,,,,,
200,Puerto Rico,,630,B,  321 909,  338 067,  355 038,  352 144,  304 969,  274 972,  153 354,  160 739,  168 480,  166 780,  142 939,  128 261,  168 555,  177 328,  186 558,  185 364,  162 030,  146 711,,,,,,,,,,,,,,,,,,,,
201,Saint Kitts and Nevis,,659,B,  3 210,  4 248,  5 871,  6 682,  7 245,  7 443,  1 642,  2 196,  3 068,  3 501,  3 806,  3 916,  1 568,  2 052,  2 803,  3 181,  3 439,  3 527,,,,,,,,,,,,,,,,,,,,
202,Saint Lucia,,662,B,  5 305,  7 152,  9 868,  11 468,  12 100,  12 771,  2 616,  3 560,  4 950,  5 783,  6 106,  6 446,  2 689,  3 592,  4 918,  5 685,  5 994,  6 325,,,,,,,,,,,,,,,,,,,,
203,Saint Vincent and the Grenadines,,670,B,  3 970,  4 135,  4 307,  4 395,  4 485,  4 577,  1 928,  2 011,  2 099,  2 144,  2 190,  2 237,  2 042,  2 124,  2 208,  2 251,  2 295,  2 340,,,,,,,,,,,,,,,,,,,,
204,Sint Maarten (Dutch part),,534,B,..,..,..,  13 100,  26 200,  27 295,..,..,..,  6 285,  12 570,  13 077,..,..,..,  6 815,  13 630,  14 218,,,,,,,,,,,,,,,,,,,,
205,Trinidad and Tobago,,780,B,  50 666,  45 994,  41 753,  44 812,  48 226,  49 883,  23 528,  21 303,  19 288,  20 647,  23 152,  24 326,  27 138,  24 691,  22 465,  24 165,  25 074,  25 557,,,,,,,,,,,,,,,,,,,,
206,Turks and Caicos Islands,,796,B,  5 062,  7 039,  9 015,  9 945,  10 875,  11 688,  2 620,  3 643,  4 665,  5 146,  5 627,  6 047,  2 442,  3 396,  4 350,  4 799,  5 248,  5 641,,,,,,,,,,,,,,,,,,,,
207,United States Virgin Islands,,850,B,  51 970,  54 241,  56 611,  56 647,  56 684,  56 721,  24 824,  25 760,  26 730,  26 726,  26 722,  26 728,  27 146,  28 481,  29 881,  29 921,  29 962,  29 993,,,,,,,,,,,,,,,,,,,,
208,Central America,,916,, 1 829 911, 1 298 916, 1 107 577, 1 385 713, 1 749 940, 2 040 151,  903 333,  643 244,  554 886,  692 144,  874 453, 1 020 896,  926 578,  655 672,  552 691,  693 569,  875 487, 1 019 255,,,,,,,,,,,,,,,,,,,,
209,Belize,,84,B R ,  30 404,  33 446,  36 488,  41 424,  46 360,  53 860,  16 393,  17 512,  18 631,  21 045,  23 459,  27 092,  14 011,  15 934,  17 857,  20 379,  22 901,  26 768,,,,,,,,,,,,,,,,,,,,
210,Costa Rica,,188,B R,  417 628,  364 287,  310 946,  358 175,  405 404,  421 697,  212 173,  184 485,  156 798,  176 335,  195 873,  202 613,  205 455,  179 802,  154 148,  181 840,  209 531,  219 084,,,,,,,,,,,,,,,,,,,,
211,El Salvador,,222,B R,  47 360,  39 537,  31 713,  36 019,  40 324,  42 045,  22 218,  18 564,  14 909,  17 029,  19 148,  19 996,  25 142,  20 973,  16 804,  18 990,  21 176,  22 049,,,,,,,,,,,,,,,,,,,,
212,Guatemala,,320,B R,  264 257,  156 188,  48 119,  57 252,  66 384,  76 352,  112 615,  66 913,  21 211,  26 064,  30 917,  36 136,  151 642,  89 275,  26 908,  31 188,  35 467,  40 216,,,,,,,,,,,,,,,,,,,,
213,Honduras,,340,B R,  270 423,  149 442,  28 461,  27 875,  27 288,  28 070,  137 573,  76 077,  14 581,  14 444,  14 306,  14 826,  132 850,  73 365,  13 880,  13 431,  12 982,  13 244,,,,,,,,,,,,,,,,,,,,
214,Mexico,,484,B R,  695 674,  458 549,  538 051,  712 487,  969 538, 1 193 155,  348 353,  229 589,  270 896,  359 642,  490 691,  604 669,  347 321,  228 960,  267 155,  352 845,  478 847,  588 486,,,,,,,,,,,,,,,,,,,,
215,Nicaragua,,558,B R,  41 421,  26 619,  30 389,  34 918,  37 333,  40 262,  20 860,  13 364,  15 423,  17 773,  19 128,  20 723,  20 561,  13 255,  14 966,  17 145,  18 205,  19 539,,,,,,,,,,,,,,,,,,,,
216,Panama,,591,B,  62 744,  70 848,  83 410,  117 563,  157 309,  184 710,  33 148,  36 740,  42 437,  59 812,  80 931,  94 841,  29 596,  34 108,  40 973,  57 751,  76 378,  89 869,,,,,,,,,,,,,,,,,,,,
217,South America,,931,, 4 283 262, 4 241 024, 4 215 204, 4 518 645, 5 143 123, 5 826 431, 2 144 038, 2 109 833, 2 083 685, 2 221 898, 2 527 553, 2 861 025, 2 139 224, 2 131 191, 2 131 519, 2 296 747, 2 615 570, 2 965 406,,,,,,,,,,,,,,,,,,,,
218,Argentina,,32,B, 1 649 919, 1 595 069, 1 540 219, 1 673 088, 1 805 957, 2 086 302,  788 130,  753 027,  717 924,  774 810,  831 696,  960 310,  861 789,  842 042,  822 295,  898 278,  974 261, 1 125 992,,,,,,,,,,,,,,,,,,,,
219,Bolivia (Plurinational State of),,68,B,  73 758,  83 598,  92 658,  107 745,  122 846,  142 989,  37 549,  42 806,  47 665,  56 019,  64 380,  74 939,  36 209,  40 792,  44 993,  51 726,  58 466,  68 050,,,,,,,,,,,,,,,,,,,,
220,Brazil,,76,B,  798 517,  741 557,  684 596,  638 582,  592 568,  713 568,  426 147,  396 152,  366 156,  343 019,  319 882,  385 201,  372 370,  345 405,  318 440,  295 563,  272 686,  328 367,,,,,,,,,,,,,,,,,,,,
221,Chile,,152,B,  107 501,  142 417,  177 332,  273 384,  369 436,  469 436,  54 547,  69 632,  84 717,  129 398,  174 079,  221 200,  52 954,  72 785,  92 615,  143 986,  195 357,  248 236,,,,,,,,,,,,,,,,,,,,
222,Colombia,,170,B,  104 277,  106 943,  109 609,  107 612,  124 271,  133 134,  53 109,  54 666,  56 223,  55 706,  65 622,  70 912,  51 168,  52 277,  53 386,  51 906,  58 649,  62 222,,,,,,,,,,,,,,,,,,,,
223,Ecuador,,218,B R,  78 663,  115 093,  151 523,  187 404,  325 366,  387 513,  38 531,  57 879,  77 227,  96 188,  167 773,  200 352,  40 132,  57 214,  74 296,  91 216,  157 593,  187 161,,,,,,,,,,,,,,,,,,,,
224,Falkland Islands (Malvinas),,238,B,   855,   868,  1 067,  1 166,  1 436,  1 571,   488,   510,   636,   675,   807,   873,   367,   358,   431,   491,   629,   698,,,,,,,,,,,,,,,,,,,,
225,French Guiana,,254,B,  63 612,  70 131,  76 649,  86 468,  96 288,  106 108,  34 843,  36 869,  38 895,  42 729,  46 564,  50 399,  28 769,  33 262,  37 754,  43 739,  49 724,  55 709,,,,,,,,,,,,,,,,,,,,
226,Guyana,,328,B,  4 095,  6 352,  8 610,  10 868,  13 126,  15 384,  2 200,  3 405,  4 611,  5 817,  7 023,  8 229,  1 895,  2 947,  3 999,  5 051,  6 103,  7 155,,,,,,,,,,,,,,,,,,,,
227,Paraguay,,600,B,  195 884,  186 570,  176 608,  168 243,  160 299,  156 462,  102 816,  97 869,  92 052,  87 698,  83 394,  81 303,  93 068,  88 701,  84 556,  80 545,  76 905,  75 159,,,,,,,,,,,,,,,,,,,,
228,Peru,,604,B,  65 025,  56 732,  66 293,  77 541,  84 066,  90 881,  32 538,  28 061,  32 955,  38 746,  42 204,  45 805,  32 487,  28 671,  33 338,  38 795,  41 862,  45 076,,,,,,,,,,,,,,,,,,,,
229,Suriname,,740,C,  18 031,  22 270,  27 506,  33 664,  39 713,  46 836,  9 731,  12 057,  14 892,  18 339,  21 659,  25 569,  8 300,  10 213,  12 614,  15 325,  18 054,  21 267,,,,,,,,,,,,,,,,,,,,
230,Uruguay,,858,B,  98 116,  93 428,  88 871,  82 318,  76 263,  71 799,  45 830,  43 427,  41 093,  37 658,  34 507,  32 475,  52 286,  50 001,  47 778,  44 660,  41 756,  39 324,,,,,,,,,,,,,,,,,,,,
231,Venezuela (Bolivarian Republic of),,862,B, 1 025 009, 1 019 996, 1 013 663, 1 070 562, 1 331 488, 1 404 448,  517 579,  513 473,  508 639,  535 096,  667 963,  703 458,  507 430,  506 523,  505 024,  535 466,  663 525,  700 990,,,,,,,,,,,,,,,,,,,,
232,Northern America,,905,, 27 610 542, 33 341 147, 40 351 848, 45 363 387, 51 220 996, 54 488 725, 13 497 319, 16 402 001, 19 983 930, 22 544 728, 25 064 323, 26 586 377, 14 113 223, 16 939 146, 20 367 918, 22 818 659, 26 156 673, 27 902 348,,,,,,,,,,,,,,,,,,,,
233,Bermuda,,60,B,  15 683,  16 676,  17 668,  18 276,  18 884,  19 126,  7 557,  8 044,  8 531,  8 866,  9 202,  9 336,  8 126,  8 632,  9 137,  9 410,  9 682,  9 790,,,,,,,,,,,,,,,,,,,,
234,Canada,,124,B, 4 333 318, 4 864 778, 5 511 914, 6 078 985, 7 011 226, 7 835 502, 2 109 652, 2 356 105, 2 659 135, 2 915 838, 3 356 211, 3 748 267, 2 223 666, 2 508 673, 2 852 779, 3 163 147, 3 655 015, 4 087 235,,,,,,,,,,,,,,,,,,,,
235,Greenland,,304,B,  9 416,  7 320,  6 755,  6 686,  6 226,  6 009,  6 565,  5 011,  4 723,  4 549,  4 210,  3 951,  2 851,  2 309,  2 032,  2 137,  2 016,  2 058,,,,,,,,,,,,,,,,,,,,
236,Saint Pierre and Miquelon,,666,B,  1 099,  1 320,  1 458,  1 147,  1 017,   986,   560,   682,   756,   597,   531,   516,   539,   638,   702,   550,   486,   470,,,,,,,,,,,,,,,,,,,,
237,United States of America,,840,B, 23 251 026, 28 451 053, 34 814 053, 39 258 293, 44 183 643, 46 627 102, 11 372 985, 14 032 159, 17 310 785, 19 614 878, 21 694 169, 22 824 307, 11 878 041, 14 418 894, 17 503 268, 19 643 415, 22 489 474, 23 802 795,,,,,,,,,,,,,,,,,,,,
238,Oceania,,909,, 4 730 858, 5 022 263, 5 360 027, 6 023 421, 7 125 364, 8 100 886, 2 415 042, 2 535 448, 2 676 143, 2 988 897, 3 538 376, 3 999 552, 2 315 816, 2 486 815, 2 683 884, 3 034 524, 3 586 988, 4 101 334,,,,,,,,,,,,,,,,,,,,
239,Australia and New Zealand,,927,, 4 473 260, 4 741 947, 5 065 063, 5 717 982, 6 830 423, 7 803 399, 2 271 419, 2 382 510, 2 519 827, 2 826 880, 3 381 077, 3 840 367, 2 201 841, 2 359 437, 2 545 236, 2 891 102, 3 449 346, 3 963 032,,,,,,,,,,,,,,,,,,,,
240,Australia,(22),36,B, 3 955 213, 4 153 330, 4 386 250, 4 878 030, 5 882 980, 6 763 663, 2 013 196, 2 093 280, 2 189 900, 2 419 190, 2 922 030, 3 337 580, 1 942 017, 2 060 050, 2 196 350, 2 458 840, 2 960 950, 3 426 083,,,,,,,,,,,,,,,,,,,,
241,New Zealand,,554,B,  518 047,  588 617,  678 813,  839 952,  947 443, 1 039 736,  258 223,  289 230,  329 927,  407 690,  459 047,  502 787,  259 824,  299 387,  348 886,  432 262,  488 396,  536 949,,,,,,,,,,,,,,,,,,,,
242,Melanesia,,928,,  90 210,  96 828,  94 078,  103 878,  105 684,  109 595,  50 143,  54 089,  52 701,  58 643,  59 426,  61 813,  40 067,  42 739,  41 377,  45 235,  46 258,  47 782,,,,,,,,,,,,,,,,,,,,
243,Fiji,,242,B,  13 283,  13 001,  12 719,  12 435,  13 351,  13 751,  6 847,  6 726,  6 601,  6 564,  7 137,  7 421,  6 436,  6 275,  6 118,  5 871,  6 214,  6 330,,,,,,,,,,,,,,,,,,,,
244,New Caledonia,,540,B,  37 673,  43 662,  49 651,  55 405,  61 158,  64 290,  20 885,  23 908,  26 932,  29 909,  32 886,  34 621,  16 788,  19 754,  22 719,  25 496,  28 272,  29 669,,,,,,,,,,,,,,,,,,,,
245,Papua New Guinea,,598,C R,  32 720,  33 526,  25 101,  29 967,  25 424,  25 782,  18 793,  19 832,  15 624,  18 942,  16 370,  16 738,  13 927,  13 694,  9 477,  11 025,  9 054,  9 044,,,,,,,,,,,,,,,,,,,,
246,Solomon Islands,,90,B,  4 226,  4 178,  3 981,  3 271,  2 760,  2 585,  2 349,  2 328,  2 224,  1 830,  1 546,  1 450,  1 877,  1 850,  1 757,  1 441,  1 214,  1 135,,,,,,,,,,,,,,,,,,,,
247,Vanuatu,,548,B,  2 308,  2 461,  2 626,  2 800,  2 991,  3 187,  1 269,  1 295,  1 320,  1 398,  1 487,  1 583,  1 039,  1 166,  1 306,  1 402,  1 504,  1 604,,,,,,,,,,,,,,,,,,,,
248,Micronesia,,954,,  108 969,  118 687,  130 186,  128 390,  116 245,  115 772,  60 858,  63 046,  64 928,  63 769,  58 535,  58 613,  48 111,  55 641,  65 258,  64 621,  57 710,  57 159,,,,,,,,,,,,,,,,,,,,
249,Guam,,316,B,  69 755,  71 912,  74 070,  74 743,  75 416,  76 089,  39 364,  38 822,  38 280,  38 602,  38 924,  39 246,  30 391,  33 090,  35 790,  36 141,  36 492,  36 843,,,,,,,,,,,,,,,,,,,,
250,Kiribati,,296,B,  2 162,  2 223,  2 283,  2 487,  2 868,  3 153,  1 107,  1 139,  1 188,  1 312,  1 512,  1 662,  1 055,  1 084,  1 095,  1 175,  1 356,  1 491,,,,,,,,,,,,,,,,,,,,
251,Marshall Islands,,584,B,  1 158,  1 480,  1 891,  2 417,  3 089,  3 284,   721,   916,  1 164,  1 485,  1 895,  2 011,   437,   564,   727,   932,  1 194,  1 273,,,,,,,,,,,,,,,,,,,,
252,Micronesia (Federated States of),,583,B,  3 685,  3 342,  3 116,  2 905,  2 805,  2 756,  2 099,  2 119,  1 721,  1 565,  1 502,  1 473,  1 586,  1 223,  1 395,  1 340,  1 303,  1 283,,,,,,,,,,,,,,,,,,,,
253,Nauru,,520,C,  2 815,  2 605,  2 394,  2 253,  2 112,  3 178,  1 506,  1 395,  1 283,  1 208,  1 133,  1 907,  1 309,  1 210,  1 111,  1 045,   979,  1 271,,,,,,,,,,,,,,,,,,,,
254,Northern Mariana Islands,,580,B,  26 593,  32 376,  40 122,  37 542,  24 168,  21 648,  14 261,  15 847,  17 387,  15 977,  10 223,  9 100,  12 332,  16 529,  22 735,  21 565,  13 945,  12 548,,,,,,,,,,,,,,,,,,,,
255,Palau,,585,B,  2 801,  4 749,  6 310,  6 043,  5 787,  5 664,  1 800,  2 808,  3 905,  3 620,  3 346,  3 214,  1 001,  1 941,  2 405,  2 423,  2 441,  2 450,,,,,,,,,,,,,,,,,,,,
256,Polynesia,,957,,  58 419,  64 801,  70 700,  73 171,  73 012,  72 120,  32 622,  35 803,  38 687,  39 605,  39 338,  38 759,  25 797,  28 998,  32 013,  33 566,  33 674,  33 361,,,,,,,,,,,,,,,,,,,,
257,American Samoa,,16,B,  21 283,  23 098,  24 912,  24 233,  23 555,  23 216,  11 175,  12 037,  12 898,  12 498,  12 098,  11 898,  10 108,  11 061,  12 014,  11 735,  11 457,  11 318,,,,,,,,,,,,,,,,,,,,
258,Cook Islands,,184,B,  2 587,  2 686,  2 785,  3 277,  3 769,  4 152,  1 443,  1 497,  1 552,  1 724,  1 895,  2 078,  1 144,  1 189,  1 233,  1 553,  1 874,  2 074,,,,,,,,,,,,,,,,,,,,
259,French Polynesia,,258,B,  25 830,  28 360,  30 329,  32 286,  31 640,  30 058,  15 444,  16 689,  17 604,  18 405,  18 037,  17 136,  10 386,  11 671,  12 725,  13 881,  13 603,  12 922,,,,,,,,,,,,,,,,,,,,
260,Niue,,570,B,   461,   480,   498,   522,   545,   557,   245,   257,   268,   282,   295,   302,   216,   223,   230,   240,   250,   255,,,,,,,,,,,,,,,,,,,,
261,Samoa,,882,B,  3 357,  4 694,  5 998,  5 746,  5 122,  4 929,  1 771,  2 451,  3 101,  2 940,  2 594,  2 469,  1 586,  2 243,  2 897,  2 806,  2 528,  2 460,,,,,,,,,,,,,,,,,,,,
262,Tokelau,,772,B,   270,   266,   262,   258,   429,   487,   150,   147,   144,   133,   206,   233,   120,   119,   118,   125,   223,   254,,,,,,,,,,,,,,,,,,,,
263,Tonga,,776,B,  2 911,  3 274,  3 684,  4 301,  5 022,  5 731,  1 488,  1 718,  1 981,  2 328,  2 727,  3 127,  1 423,  1 556,  1 703,  1 973,  2 295,  2 604,,,,,,,,,,,,,,,,,,,,
264,Tuvalu,,798,C,   318,   263,   217,   183,   154,   141,   180,   148,   121,   101,   85,   78,   138,   115,   96,   82,   69,   63,,,,,,,,,,,,,,,,,,,,
265,Wallis and Futuna Islands,,876,B,  1 402,  1 680,  2 015,  2 365,  2 776,  2 849,   726,   859,  1 018,  1 194,  1 401,  1 438,   676,   821,   997,  1 171,  1 375,  1 411,,,,,,,,,,,,,,,,,,,,
